,name,size_apple,price_apple,reviews_apple,rating_apple,category_apple,profit_apple,size_google,size_o_google,price_google,reviews_google,rating_google,category_google,installs_google,profit_google
0,Bible,92.7744,0.0,985920,4.5,Reference,0.0,,Varies with device,0.0,2440695.0,4.7,BOOKS_AND_REFERENCE,100000000.0,0.0
1,Facebook,389.879808,0.0,2974676,3.5,Social Networking,0.0,,Varies with device,0.0,78158306.0,4.1,SOCIAL,1000000000.0,0.0
2,LinkedIn,273.844224,0.0,71856,3.5,Social Networking,0.0,,Varies with device,0.0,1225339.0,4.2,SOCIAL,100000000.0,0.0
3,Google Earth,37.214208,0.0,446185,3.5,Travel,0.0,,Varies with device,0.0,2338655.0,4.3,TRAVEL_AND_LOCAL,100000000.0,0.0
4,PAC-MAN,100.849664,0.0,508808,3.0,Games,0.0,37.0,37M,0.0,685981.0,4.2,GAME,100000000.0,0.0
5,Allrecipes Dinner Spinner,36.399104,0.0,109349,3.5,Food & Drink,0.0,,Varies with device,0.0,61881.0,4.5,FOOD_AND_DRINK,5000000.0,0.0
6,Speedtest by Ookla,23.936,0.0,65016,3.5,Utilities,0.0,,Varies with device,0.0,1028794.0,4.4,TOOLS,100000000.0,0.0
7,Citi Mobile®,281.24467200000004,0.0,48822,3.5,Finance,0.0,46.0,46M,0.0,78306.0,4.0,FINANCE,5000000.0,0.0
8,Tumblr,151.573504,0.0,334293,4.0,Social Networking,0.0,,Varies with device,0.0,2955326.0,4.4,SOCIAL,100000000.0,0.0
9,DIRECTV,151.397376,0.0,81006,3.5,Entertainment,0.0,63.0,63M,0.0,235486.0,4.1,FAMILY,10000000.0,0.0
10,Doodle Jump,48.741376,0.99,395261,4.5,Games,391308.39,,Varies with device,0.0,1083571.0,4.3,GAME,50000000.0,0.0
11,Fandango Movies - Times + Tickets,81.92409599999999,0.0,291787,4.0,Entertainment,0.0,,Varies with device,0.0,243747.0,4.6,ENTERTAINMENT,10000000.0,0.0
12,myAT&T,68.491264,0.0,108507,3.0,Utilities,0.0,,Varies with device,0.0,80847.0,3.7,PRODUCTIVITY,50000000.0,0.0
13,Indeed Job Search,3.6915199999999997,0.0,38681,4.0,Business,0.0,,Varies with device,0.0,674730.0,4.3,BUSINESS,50000000.0,0.0
14,WhatsApp Messenger,135.044096,0.0,287589,4.5,Social Networking,0.0,,Varies with device,0.0,69119316.0,4.4,COMMUNICATION,1000000000.0,0.0
15,Wells Fargo Mobile,57.32864,0.0,43064,3.0,Finance,0.0,37.0,37M,0.0,250706.0,4.4,FINANCE,10000000.0,0.0
16,USAA Mobile,164.38272,0.0,19946,4.0,Finance,0.0,33.0,33M,0.0,100997.0,4.5,FINANCE,5000000.0,0.0
17,Best Buy,180.50048,0.0,80424,4.0,Shopping,0.0,34.0,34M,0.0,186116.0,4.4,SHOPPING,5000000.0,0.0
18,Sky News,91.697152,0.0,118,3.0,News,0.0,19.0,19M,0.0,30287.0,4.0,NEWS_AND_MAGAZINES,1000000.0,0.0
19,NBC News,52.95104,0.0,32881,3.5,News,0.0,,Varies with device,0.0,63020.0,4.1,NEWS_AND_MAGAZINES,5000000.0,0.0
20,Epson iPrint,53.388288,0.0,2838,3.0,Photo & Video,0.0,,Varies with device,0.0,108169.0,4.1,TOOLS,10000000.0,0.0
21,Mad Libs,118.498304,0.0,117889,3.0,Entertainment,0.0,61.0,61M,0.0,8126.0,4.0,FAMILY,1000000.0,0.0
22,Dropbox,180.804608,0.0,49578,3.5,Productivity,0.0,61.0,61M,0.0,1861310.0,4.4,PRODUCTIVITY,500000000.0,0.0
23,Geocaching®,108.16614399999999,0.0,12811,3.5,Navigation,0.0,,Varies with device,0.0,62616.0,4.1,HEALTH_AND_FITNESS,5000000.0,0.0
24,Starbucks,135.032832,0.0,303856,4.5,Food & Drink,0.0,35.0,35M,0.0,455377.0,4.5,FOOD_AND_DRINK,10000000.0,0.0
25,Twitter,210.569216,0.0,354058,3.5,News,0.0,,Varies with device,0.0,11667403.0,4.3,NEWS_AND_MAGAZINES,500000000.0,0.0
26,NBA,112.074752,0.0,43682,3.5,Sports,0.0,35.0,35M,0.0,108318.0,4.4,SPORTS,10000000.0,0.0
27,AirWatch Agent,24.747007999999997,0.0,1150,2.5,Business,0.0,31.0,31M,0.0,20973.0,3.1,BUSINESS,5000000.0,0.0
28,Redbox,83.90656,0.0,60236,3.0,Entertainment,0.0,30.0,30M,0.0,115033.0,4.1,ENTERTAINMENT,10000000.0,0.0
29,DB Navigator,84.791296,0.0,512,3.5,Travel,0.0,20.0,20M,0.0,119685.0,4.0,MAPS_AND_NAVIGATION,10000000.0,0.0
30,Southwest Airlines,88.77363199999999,0.0,30552,3.0,Travel,0.0,8.3,8.3M,0.0,24781.0,3.9,TRAVEL_AND_LOCAL,5000000.0,0.0
31,Star Chart,28.616704,0.0,13482,4.5,Education,0.0,,Varies with device,0.0,128808.0,4.3,FAMILY,10000000.0,0.0
32,Pocket Yoga,132.48,2.99,4475,4.5,Health & Fitness,13380.250000000002,,Varies with device,2.99,2107.0,4.4,HEALTH_AND_FITNESS,100000.0,6299.93
33,The Washington Post Classic,118.980608,0.0,18572,4.5,News,0.0,,Varies with device,0.0,23158.0,4.5,NEWS_AND_MAGAZINES,1000000.0,0.0
34,F-Sim Space Shuttle,76.39449599999999,4.99,6403,4.5,Games,31950.97,,Varies with device,4.99,5427.0,4.4,FAMILY,100000.0,27080.73
35,"Univision Deportes: Liga MX, MLS, Fútbol En Vivo",81.876992,0.0,16683,3.5,Sports,0.0,,Varies with device,0.0,75566.0,4.2,SPORTS,5000000.0,0.0
36,Kik,151.86432,0.0,260965,4.0,Social Networking,0.0,,Varies with device,0.0,2451136.0,4.3,COMMUNICATION,100000000.0,0.0
37,Solitaire,101.94329599999999,0.0,679055,4.5,Games,0.0,23.0,23M,0.0,254258.0,4.7,GAME,10000000.0,0.0
38,Amex Mobile,105.98297600000001,0.0,11421,4.0,Finance,0.0,32.0,32M,0.0,24729.0,4.3,FINANCE,1000000.0,0.0
39,Fruit Ninja Classic,104.590336,1.99,698516,4.5,Games,1390046.84,36.0,36M,0.99,85468.0,4.3,GAME,1000000.0,84613.31999999999
40,Netflix,125.01606399999999,0.0,308844,3.5,Entertainment,0.0,,Varies with device,0.0,5456208.0,4.4,ENTERTAINMENT,100000000.0,0.0
41,Uber,283.8528,0.0,49466,3.0,Travel,0.0,,Varies with device,0.0,4928420.0,4.2,MAPS_AND_NAVIGATION,100000000.0,0.0
42,WEB.DE Mail,101.92384,0.0,168,4.0,Productivity,0.0,,Varies with device,0.0,226541.0,4.3,COMMUNICATION,10000000.0,0.0
43,Chase Mobile,34.950144,0.0,34322,4.5,Finance,0.0,32.0,32M,0.0,1374549.0,4.6,FINANCE,10000000.0,0.0
44,TED,84.056064,0.0,5782,3.5,Education,0.0,18.0,18M,0.0,181893.0,4.6,EDUCATION,10000000.0,0.0
45,Edmodo,127.93958400000001,0.0,7197,3.5,Education,0.0,18.0,18M,0.0,200058.0,4.1,EDUCATION,10000000.0,0.0
46,Fly Delta,140.803072,0.0,8094,3.0,Travel,0.0,46.0,46M,0.0,27560.0,3.7,TRAVEL_AND_LOCAL,5000000.0,0.0
47,NFL,131.428352,0.0,27317,2.5,Sports,0.0,,Varies with device,0.0,459795.0,4.1,SPORTS,50000000.0,0.0
48,Instagram,113.954816,0.0,2161558,4.5,Photo & Video,0.0,,Varies with device,0.0,66577313.0,4.5,SOCIAL,1000000000.0,0.0
49,Paprika Recipe Manager,10.432512,4.99,1755,4.5,Food & Drink,8757.45,2.3,2.3M,4.99,1268.0,4.1,FOOD_AND_DRINK,50000.0,6327.3200000000015
50,GroupMe,66.86412800000001,0.0,28260,4.5,Social Networking,0.0,,Varies with device,0.0,330761.0,4.5,COMMUNICATION,10000000.0,0.0
51,myChevrolet,85.515264,0.0,1083,2.0,Lifestyle,0.0,,Varies with device,0.0,6747.0,3.5,LIFESTYLE,1000000.0,0.0
52,Airbnb,243.77651200000003,0.0,22302,4.0,Travel,0.0,,Varies with device,0.0,359403.0,4.4,TRAVEL_AND_LOCAL,10000000.0,0.0
53,NBA JAM by EA SPORTS™,410.202112,4.99,21648,4.0,Games,108023.52,43.0,43M,4.99,56444.0,4.3,FAMILY,500000.0,281655.56
54,Fruit Ninja®,163.801088,0.0,327025,4.5,Games,0.0,41.0,41M,0.0,5091448.0,4.3,GAME,100000000.0,0.0
55,Puffin Browser Pro,63.474688,3.99,7565,3.5,Utilities,30184.35,,Varies with device,3.99,18247.0,4.0,COMMUNICATION,100000.0,72805.53
56,The Guardian,92.966912,0.0,8176,5.0,News,0.0,22.0,22M,0.0,247992.0,4.7,NEWS_AND_MAGAZINES,5000000.0,0.0
57,Mad Skills Motocross,16.949248,0.99,9341,4.5,Games,9247.59,44.0,44M,0.0,32522.0,4.0,GAME,1000000.0,0.0
58,Microsoft OneNote,233.53343999999998,0.0,39638,4.5,Productivity,0.0,,Varies with device,0.0,480643.0,4.4,PRODUCTIVITY,100000000.0,0.0
59,WeChat,182.624256,0.0,34584,4.5,Social Networking,0.0,,Varies with device,0.0,5387333.0,4.2,COMMUNICATION,100000000.0,0.0
60,Google Translate,65.281024,0.0,26786,3.5,Reference,0.0,,Varies with device,0.0,5745093.0,4.4,TOOLS,500000000.0,0.0
61,GMX Mail,100.33664,0.0,102,4.5,Productivity,0.0,,Varies with device,0.0,258556.0,4.3,COMMUNICATION,10000000.0,0.0
62,Temple Run,65.921024,0.0,1724546,4.5,Games,0.0,42.0,42M,0.0,4000433.0,4.3,GAME,100000000.0,0.0
63,Angry Birds Rio,138.319872,0.0,170843,4.5,Games,0.0,46.0,46M,0.0,2610526.0,4.4,GAME,100000000.0,0.0
64,My Horse,301.896704,0.0,293857,4.5,Games,0.0,8.7,8.7M,0.0,1333338.0,4.5,FAMILY,10000000.0,0.0
65,MTV,113.787904,0.0,5987,2.5,Entertainment,0.0,15.0,15M,0.0,35279.0,3.8,ENTERTAINMENT,1000000.0,0.0
66,Dude Perfect,140.16512,0.99,9763,4.5,Games,9665.37,1.9,1.9M,0.0,97.0,4.5,SPORTS,10000.0,0.0
67,WatchESPN,33.714176,0.0,159735,4.0,Sports,0.0,6.6,6.6M,0.0,288809.0,4.1,SPORTS,10000000.0,0.0
68,Pinterest,74.778624,0.0,1061624,4.5,Social Networking,0.0,,Varies with device,0.0,4305441.0,4.6,SOCIAL,100000000.0,0.0
69,iFunny :),66.599936,0.0,98344,3.5,Entertainment,0.0,,Varies with device,0.0,503757.0,4.4,FAMILY,10000000.0,0.0
70,ROBLOX,115.178496,0.0,183621,4.5,Games,0.0,67.0,67M,0.0,4447388.0,4.5,GAME,100000000.0,0.0
71,Nyan Cat: Lost In Space,96.87244799999999,0.0,76392,4.5,Games,0.0,90.0,90M,0.0,371318.0,4.5,GAME,10000000.0,0.0
72,PBS KIDS Video,57.694207999999996,0.0,8651,3.5,Education,0.0,,Varies with device,0.0,36212.0,4.2,EDUCATION,5000000.0,0.0
73,Domino's Pizza USA,105.74336000000001,0.0,258624,5.0,Food & Drink,0.0,,Varies with device,0.0,1032935.0,4.7,FOOD_AND_DRINK,10000000.0,0.0
74,Snapseed,141.32224,0.0,8683,4.0,Photo & Video,0.0,,Varies with device,0.0,823109.0,4.5,PHOTOGRAPHY,50000000.0,0.0
75,ADP Mobile Solutions,53.80505600000001,0.0,8324,4.0,Business,0.0,29.0,29M,0.0,85185.0,4.3,BUSINESS,5000000.0,0.0
76,Snapchat,203.03871999999998,0.0,323905,2.5,Photo & Video,0.0,,Varies with device,0.0,17014787.0,4.0,SOCIAL,500000000.0,0.0
77,Where's My Water?,90.853376,1.99,131656,4.5,Games,261995.44,69.0,69M,1.99,188740.0,4.7,FAMILY,1000000.0,375592.6
78,United Airlines,140.942336,0.0,5748,2.5,Travel,0.0,80.0,80M,0.0,30447.0,3.5,TRAVEL_AND_LOCAL,5000000.0,0.0
79,Messenger,275.72940800000003,0.0,351466,3.0,Social Networking,0.0,3.9,3.9M,0.0,68025.0,4.1,SOCIAL,10000000.0,0.0
80,Jetpack Joyride,108.81331200000001,0.0,405647,4.5,Games,0.0,96.0,96M,0.0,4638163.0,4.4,GAME,100000000.0,0.0
81,ASOS,141.50348799999998,0.0,9725,5.0,Shopping,0.0,22.0,22M,0.0,181798.0,4.7,SHOPPING,10000000.0,0.0
82,Trello,140.944384,0.0,2793,4.5,Productivity,0.0,12.0,12M,0.0,72513.0,4.5,PRODUCTIVITY,5000000.0,0.0
83,Fitbit,132.913152,0.0,90496,4.0,Health & Fitness,0.0,,Varies with device,0.0,357417.0,3.9,HEALTH_AND_FITNESS,10000000.0,0.0
84,NHL,160.124928,0.0,15554,3.5,Sports,0.0,48.0,48M,0.0,68935.0,4.0,SPORTS,5000000.0,0.0
85,The Sims™ FreePlay,695.6032,0.0,446880,4.5,Games,0.0,31.0,31M,0.0,931595.0,4.3,GAME,10000000.0,0.0
86,Bejeweled Blitz,91.59168000000001,0.0,221002,4.0,Games,0.0,98.0,98M,0.0,222664.0,4.2,FAMILY,10000000.0,0.0
87,YouNow: Live Stream Video Chat,91.61523199999999,0.0,12079,3.5,Social Networking,0.0,85.0,85M,0.0,309872.0,4.1,SOCIAL,10000000.0,0.0
88,Puffin Web Browser,66.607104,0.0,11677,4.0,Utilities,0.0,,Varies with device,0.0,541389.0,4.3,COMMUNICATION,10000000.0,0.0
89,Kids A-Z,100.699136,0.0,2887,3.5,Education,0.0,30.0,30M,0.0,26426.0,4.2,FAMILY,1000000.0,0.0
90,NCAA Sports,39.018496,0.0,636,2.0,Sports,0.0,16.0,16M,0.0,4272.0,3.9,SPORTS,500000.0,0.0
91,Bejeweled Classic,99.593216,0.0,183259,4.5,Games,0.0,,Varies with device,0.0,203101.0,4.4,FAMILY,5000000.0,0.0
92,Cytus,1560.187904,1.99,7925,5.0,Games,15770.75,20.0,20M,0.0,541732.0,4.7,GAME,5000000.0,0.0
93,Chick-fil-A,96.2304,0.0,5665,3.5,Food & Drink,0.0,17.0,17M,0.0,28008.0,4.3,FOOD_AND_DRINK,5000000.0,0.0
94,LEGO® Juniors Create & Cruise,241.110016,0.0,6152,4.0,Games,0.0,73.0,73M,0.0,673203.0,4.1,FAMILY,50000000.0,0.0
95,The CW,30.552064,0.0,97368,4.5,Entertainment,0.0,21.0,21M,0.0,288150.0,4.4,ENTERTAINMENT,5000000.0,0.0
96,Tom's Love Letters,29.392896,0.0,27711,4.0,Entertainment,0.0,35.0,35M,0.0,705805.0,4.1,FAMILY,50000000.0,0.0
97,The Simpsons™: Tapped Out,86.079488,0.0,274501,4.0,Games,0.0,49.0,49M,0.0,636995.0,4.3,FAMILY,10000000.0,0.0
98,Angry Birds Space HD,171.300864,0.0,39502,4.0,Games,0.0,46.0,46M,0.0,43645.0,4.5,GAME,5000000.0,0.0
99,Regal Cinemas,76.895232,0.0,13257,4.5,Entertainment,0.0,,Varies with device,0.0,32732.0,4.3,ENTERTAINMENT,1000000.0,0.0
100,"Muscle Premium - Human Anatomy, Kinesiology, Bones",1101.865984,19.99,406,4.5,Medical,8115.94,25.0,25M,24.99,168.0,4.2,MEDICAL,10000.0,4198.32
101,USA TODAY,96.060416,0.0,61724,3.5,News,0.0,,Varies with device,0.0,49259.0,4.1,NEWS_AND_MAGAZINES,5000000.0,0.0
102,Battlefield™ Companion,58.883072,0.0,689,2.5,Social Networking,0.0,62.0,62M,0.0,263907.0,4.0,GAME,10000000.0,0.0
103,Hay Day,113.641472,0.0,567344,4.5,Games,0.0,94.0,94M,0.0,10053186.0,4.5,FAMILY,100000000.0,0.0
104,AnatomyMapp,104.39270400000001,9.99,23,3.5,Medical,229.77,48.0,48M,14.99,80.0,4.1,MEDICAL,5000.0,1199.2
105,Subway Surfers,156.038144,0.0,706110,4.5,Games,0.0,76.0,76M,0.0,27722264.0,4.5,GAME,1000000000.0,0.0
106,Baldur's Gate: Enhanced Edition,2441.125888,9.99,1454,4.0,Games,14525.46,7.8,7.8M,9.99,20101.0,4.5,FAMILY,100000.0,200808.99
107,Fuel Rewards® program,58.839040000000004,0.0,2249,4.5,Shopping,0.0,46.0,46M,0.0,32433.0,4.6,LIFESTYLE,1000000.0,0.0
108,Tom Loves Angela,53.489664000000005,0.99,1151,4.0,Entertainment,1139.49,50.0,50M,0.0,1111915.0,4.1,FAMILY,100000000.0,0.0
109,Flow Free,20.669439999999998,0.0,373857,4.5,Games,0.0,11.0,11M,0.0,1295557.0,4.3,GAME,100000000.0,0.0
110,Storm Shield,26.50112,2.99,2516,4.5,Weather,7522.84,14.0,14M,0.0,2000.0,3.5,WEATHER,100000.0,0.0
111,Photo Editor by Aviary,36.269056,0.0,39501,4.5,Photo & Video,0.0,21.0,21M,0.0,1490732.0,4.4,PHOTOGRAPHY,50000000.0,0.0
112,Clash of Clans,116.476928,0.0,2130805,4.5,Games,0.0,98.0,98M,0.0,44891723.0,4.6,GAME,100000000.0,0.0
113,Zombie Tsunami,115.895296,0.0,31311,4.5,Games,0.0,,Varies with device,0.0,4920817.0,4.4,GAME,100000000.0,0.0
114,Wish - Shopping Made Fun,48.428032,0.0,141960,4.5,Shopping,0.0,15.0,15M,0.0,6210998.0,4.5,SHOPPING,100000000.0,0.0
115,Bad Piggies,260.10624,0.0,26259,4.5,Games,0.0,66.0,66M,0.0,1168959.0,4.3,FAMILY,50000000.0,0.0
116,Dr. Panda Hospital,417.70700800000003,2.99,372,4.0,Education,1112.28,45.0,45M,2.99,1091.0,4.4,FAMILY,50000.0,3262.09
117,Hungry Shark Evolution,320.535552,0.0,83784,4.5,Games,0.0,100.0,100M,0.0,6074334.0,4.5,GAME,100000000.0,0.0
118,UNO ™ & Friends,131.464192,0.0,68911,4.0,Games,0.0,,Varies with device,0.0,1728557.0,4.1,GAME,50000000.0,0.0
119,NBC Sports,129.395712,0.0,47172,2.5,Sports,0.0,25.0,25M,0.0,78442.0,3.1,SPORTS,5000000.0,0.0
120,Bad Piggies HD,260.040704,0.0,19018,4.5,Games,0.0,69.0,69M,0.0,764967.0,4.4,FAMILY,10000000.0,0.0
121,Amazon Prime Video,69.43539200000001,0.0,43667,4.0,Entertainment,0.0,24.0,24M,0.0,411683.0,4.2,ENTERTAINMENT,50000000.0,0.0
122,Can Knockdown 3,151.453696,1.99,1135,4.5,Games,2258.65,19.0,19M,0.0,349503.0,4.1,GAME,10000000.0,0.0
123,Photo Editor-,46.732288,0.0,9095,4.5,Photo & Video,0.0,,Varies with device,0.0,68070.0,4.3,PHOTOGRAPHY,5000000.0,0.0
124,Traffic Racer,132.160512,0.0,22458,4.5,Games,0.0,53.0,53M,0.0,5387639.0,4.5,GAME,100000000.0,0.0
125,Tinder,126.72,0.0,143040,3.5,Lifestyle,0.0,68.0,68M,0.0,2789775.0,4.0,LIFESTYLE,100000000.0,0.0
126,True Skate,66.697216,1.99,11065,4.0,Games,22019.35,73.0,73M,1.99,129409.0,4.4,SPORTS,1000000.0,257523.91
127,STARZ,110.11174399999999,0.0,8971,3.5,Entertainment,0.0,,Varies with device,0.0,88185.0,4.3,ENTERTAINMENT,10000000.0,0.0
128,WWE,88.15001600000001,0.0,7553,4.0,Entertainment,0.0,20.0,20M,0.0,736864.0,4.5,ENTERTAINMENT,10000000.0,0.0
129,ClassDojo,80.195584,0.0,35440,4.5,Education,0.0,59.0,59M,0.0,148550.0,4.4,EDUCATION,10000000.0,0.0
130,NASCAR MOBILE,70.040576,0.0,16385,4.0,Sports,0.0,21.0,21M,0.0,80900.0,4.2,SPORTS,1000000.0,0.0
131,Candy Crush Saga,222.84697599999998,0.0,961794,4.5,Games,0.0,74.0,74M,0.0,22426677.0,4.4,GAME,500000000.0,0.0
132,Angry Birds Friends,190.38208,0.0,23655,4.0,Games,0.0,48.0,48M,0.0,829753.0,4.2,GAME,50000000.0,0.0
133,Real Racing 3,874.1847039999999,0.0,164483,4.5,Games,0.0,71.0,71M,0.0,354384.0,4.5,FAMILY,10000000.0,0.0
134,Angry Birds Star Wars,177.338368,0.0,34138,4.5,Games,0.0,45.0,45M,0.0,1218055.0,4.3,GAME,100000000.0,0.0
135,T-Mobile,65.560576,0.0,19977,4.0,Productivity,0.0,,Varies with device,0.0,482630.0,4.3,TOOLS,10000000.0,0.0
136,Bloons TD 5,113.020928,2.99,42078,4.5,Games,125813.22000000002,94.0,94M,2.99,190086.0,4.6,FAMILY,1000000.0,568357.14
137,Hill Climb Racing,108.32281599999999,0.0,108183,4.5,Games,0.0,63.0,63M,0.0,8923587.0,4.4,GAME,100000000.0,0.0
138,"sugar, sugar",25.718784,0.99,139,4.5,Games,137.61,9.5,9.5M,1.2,1405.0,4.2,FAMILY,10000.0,1686.0
139,Timehop,67.424256,0.0,49510,3.5,Social Networking,0.0,16.0,16M,0.0,161610.0,4.1,SOCIAL,5000000.0,0.0
140,LEGO Batman: DC Super Heroes,1139.26144,4.99,7717,4.0,Games,38507.83,5.8,5.8M,4.99,2557.0,4.2,FAMILY,50000.0,12759.43
141,Temple Run 2,158.02572800000002,0.0,295211,4.5,Games,0.0,62.0,62M,0.0,8118609.0,4.3,GAME,500000000.0,0.0
142,Afterlight,76.23168000000001,0.99,14057,4.5,Photo & Video,13916.43,35.0,35M,0.0,50893.0,4.3,PHOTOGRAPHY,1000000.0,0.0
143,Pou,40.968191999999995,0.0,3783,4.5,Games,0.0,24.0,24M,0.0,10485308.0,4.3,GAME,500000000.0,0.0
144,Injustice: Gods Among Us,1829.599232,0.0,612532,4.5,Games,0.0,32.0,32M,0.0,2440877.0,4.4,GAME,10000000.0,0.0
145,Ingress,126.82547199999999,0.0,2739,3.5,Games,0.0,43.0,43M,0.0,391325.0,4.3,GAME,10000000.0,0.0
146,Threema,24.925183999999998,2.99,196,4.5,Social Networking,586.0400000000002,,Varies with device,2.99,51110.0,4.5,COMMUNICATION,1000000.0,152818.90000000002
147,Sonic Dash,186.687488,0.0,418033,4.5,Games,0.0,75.0,75M,0.0,3778921.0,4.5,GAME,100000000.0,0.0
148,Microsoft Word,334.425088,0.0,47999,4.5,Productivity,0.0,,Varies with device,0.0,2084126.0,4.5,PRODUCTIVITY,500000000.0,0.0
149,Microsoft PowerPoint,336.831488,0.0,10939,4.0,Productivity,0.0,,Varies with device,0.0,618798.0,4.5,PRODUCTIVITY,100000000.0,0.0
150,Microsoft Excel,323.411968,0.0,24430,4.5,Productivity,0.0,,Varies with device,0.0,1079491.0,4.5,PRODUCTIVITY,100000000.0,0.0
151,PicsArt Photo Studio: Collage Maker & Pic Editor,124.726272,0.0,29078,4.5,Photo & Video,0.0,34.0,34M,0.0,7594559.0,4.5,PHOTOGRAPHY,100000000.0,0.0
152,VSCO,98.57638399999999,0.0,11174,3.5,Photo & Video,0.0,,Varies with device,0.0,753115.0,4.4,PHOTOGRAPHY,50000000.0,0.0
153,H&M,27.372544,0.0,687,3.0,Shopping,0.0,14.0,14M,0.0,41941.0,3.7,LIFESTYLE,10000000.0,0.0
154,Nick,38.045696,0.0,13237,3.5,Entertainment,0.0,25.0,25M,0.0,123279.0,4.2,ENTERTAINMENT,10000000.0,0.0
155,Real Basketball,70.336512,0.0,198050,4.5,Games,0.0,,Varies with device,0.0,1605267.0,4.5,SPORTS,10000000.0,0.0
156,Plants vs. Zombies™ 2,98.507776,0.0,267394,4.5,Games,0.0,15.0,15M,0.0,567632.0,4.4,FAMILY,10000000.0,0.0
157,Smash Hit,97.50528,0.0,126233,4.5,Games,0.0,79.0,79M,0.0,4147718.0,4.5,GAME,100000000.0,0.0
158,Farm Heroes Saga,262.421504,0.0,187579,4.5,Games,0.0,70.0,70M,0.0,7614130.0,4.4,GAME,100000000.0,0.0
159,Dr. Panda Supermarket,138.58918400000002,2.99,342,4.0,Education,1022.58,58.0,58M,2.99,1357.0,4.2,FAMILY,50000.0,4057.43
160,FINAL FANTASY V,167.030784,14.99,1808,4.5,Games,27101.92,4.2,4.2M,7.99,15924.0,4.5,FAMILY,100000.0,127232.76
161,Asphalt 8: Airborne,1777.94048,0.0,188568,4.5,Games,0.0,92.0,92M,0.0,8389714.0,4.5,GAME,100000000.0,0.0
162,Talking Ginger 2,81.37216,0.0,8311,4.5,Entertainment,0.0,49.0,49M,0.0,702975.0,4.2,ENTERTAINMENT,50000000.0,0.0
163,Yahoo Weather,123.047936,0.0,112603,4.5,Weather,0.0,,Varies with device,0.0,1312037.0,4.4,WEATHER,10000000.0,0.0
164,Township,175.876096,0.0,80801,4.5,Games,0.0,,Varies with device,0.0,4451317.0,4.6,FAMILY,50000000.0,0.0
165,Angry Birds Go!,499.58092800000003,0.0,75793,4.0,Games,0.0,82.0,82M,0.0,3846378.0,4.2,GAME,50000000.0,0.0
166,Hangouts,94.75072,0.0,36404,4.0,Social Networking,0.0,,Varies with device,0.0,3419249.0,4.0,COMMUNICATION,1000000000.0,0.0
167,"Alizay, pirate girl",186.402816,2.99,14,4.5,Book,41.86,11.0,11M,2.99,197.0,4.5,FAMILY,1000.0,589.0300000000002
168,Verizon Cloud,104.74905600000001,0.0,6482,4.5,Productivity,0.0,,Varies with device,0.0,185632.0,4.3,PRODUCTIVITY,50000000.0,0.0
169,Seven - 7 Minute Workout Training Challenge,142.803968,0.0,6808,4.5,Health & Fitness,0.0,,Varies with device,0.0,75571.0,4.5,HEALTH_AND_FITNESS,1000000.0,0.0
170,Trivia Crack,265.484288,0.0,393469,4.5,Games,0.0,95.0,95M,0.0,6427773.0,4.5,GAME,100000000.0,0.0
171,Toca Builders,87.713792,2.99,5102,4.5,Education,15254.98,,Varies with device,3.99,3328.0,4.2,FAMILY,100000.0,13278.72
172,Episode - Choose Your Story,182.361088,0.0,155903,4.5,Games,0.0,,Varies with device,0.0,1841061.0,4.3,GAME,50000000.0,0.0
173,My Talking Tom,255.74707200000003,0.0,123859,4.5,Games,0.0,,Varies with device,0.0,14891223.0,4.5,GAME,500000000.0,0.0
174,My Talking Pet,51.00544,1.99,9035,4.5,Entertainment,17979.65,,Varies with device,4.99,6238.0,4.6,ENTERTAINMENT,100000.0,31127.620000000006
175,Fishdom,181.92486399999999,0.0,39217,4.5,Games,0.0,,Varies with device,0.0,2157930.0,4.6,GAME,10000000.0,0.0
176,Battleheart Legacy,889.060352,4.99,3376,4.5,Games,16846.24,7.4,7.4M,4.99,7420.0,4.6,FAMILY,50000.0,37025.8
177,Boom Beach,153.955328,0.0,241929,4.5,Games,0.0,95.0,95M,0.0,5591653.0,4.5,FAMILY,50000000.0,0.0
178,WGT Golf Game by Topgolf,250.150912,0.0,53285,4.5,Games,0.0,57.0,57M,0.0,148083.0,4.3,SPORTS,10000000.0,0.0
179,Frozen Free Fall,272.47104,0.0,50593,4.5,Games,0.0,37.0,37M,0.0,1574197.0,4.3,FAMILY,50000000.0,0.0
180,Shadow Fight 2,144.713728,0.0,99206,4.5,Games,0.0,88.0,88M,0.0,10979062.0,4.6,GAME,100000000.0,0.0
181,Geometry Dash Lite,69.076992,0.0,370370,5.0,Games,0.0,58.0,58M,0.0,6181640.0,4.5,GAME,100000000.0,0.0
182,Cooking Fever,106.80832,0.0,107797,4.5,Games,0.0,82.0,82M,0.0,3197865.0,4.5,GAME,100000000.0,0.0
183,Swamp Attack,123.780096,0.0,16968,4.5,Games,0.0,70.0,70M,0.0,2119218.0,4.4,GAME,50000000.0,0.0
184,DoorDash - Food Delivery,100.55475200000001,0.0,25947,4.5,Food & Drink,0.0,,Varies with device,0.0,104504.0,4.5,FOOD_AND_DRINK,1000000.0,0.0
185,Hitman GO,1098.042368,4.99,8673,4.5,Games,43278.27,23.0,23M,0.99,84114.0,4.6,FAMILY,500000.0,83272.86
186,Xbox,111.77779199999999,0.0,72187,4.5,Entertainment,0.0,46.0,46M,0.0,556659.0,4.3,FAMILY,10000000.0,0.0
187,Farming Simulator 14,133.21830400000002,0.0,3615,4.0,Games,0.0,51.0,51M,0.0,530854.0,4.5,FAMILY,10000000.0,0.0
188,Google Play Movies & TV,64.87756800000001,0.0,1195,3.0,Entertainment,0.0,,Varies with device,0.0,906384.0,3.7,VIDEO_PLAYERS,1000000000.0,0.0
189,AJ Jump: Animal Jam Kangaroos!,160.19251200000002,1.99,834,4.5,Games,1659.66,42.0,42M,1.99,2975.0,4.4,GAME,50000.0,5920.25
190,Grand Theft Auto: San Andreas,2060.416,6.99,32533,4.0,Games,227405.67,26.0,26M,6.99,348962.0,4.4,GAME,1000000.0,2439244.38
191,Angry Birds Epic RPG,581.533696,0.0,84680,4.5,Games,0.0,63.0,63M,0.0,2634605.0,4.5,FAMILY,10000000.0,0.0
192,LEGO® Friends,766.447616,4.99,400,4.0,Games,1996.0,6.9,6.9M,4.99,854.0,4.4,FAMILY,10000.0,4261.46
193,War Robots,600.53504,0.0,97122,4.5,Games,0.0,33.0,33M,0.0,3073251.0,4.6,GAME,50000000.0,0.0
194,Crazy Freekick,33.681408000000005,0.0,228,4.5,Games,0.0,17.0,17M,0.0,47688.0,3.9,SPORTS,5000000.0,0.0
195,Just Dance Now,67.87481600000001,0.0,2535,3.5,Games,0.0,56.0,56M,0.0,794058.0,4.2,GAME,10000000.0,0.0
196,Wishbone - Compare Anything,117.052416,0.0,20649,4.5,Social Networking,0.0,26.0,26M,0.0,51569.0,4.3,SOCIAL,1000000.0,0.0
197,BET NOW - Watch Shows,37.992447999999996,0.0,967,2.5,Entertainment,0.0,19.0,19M,0.0,14807.0,4.2,ENTERTAINMENT,1000000.0,0.0
198,Google Docs,199.993344,0.0,64259,4.5,Productivity,0.0,,Varies with device,0.0,815981.0,4.3,PRODUCTIVITY,100000000.0,0.0
199,Google Sheets,292.41856,0.0,24602,4.5,Productivity,0.0,,Varies with device,0.0,496399.0,4.3,PRODUCTIVITY,100000000.0,0.0
200,Zombie Catchers,103.38816,0.0,16805,4.5,Games,0.0,75.0,75M,0.0,990491.0,4.7,GAME,10000000.0,0.0
201,Score! Hero,170.775552,0.0,85395,4.5,Games,0.0,96.0,96M,0.0,5418675.0,4.6,GAME,100000000.0,0.0
202,Candy Crush Soda Saga,241.86265600000002,0.0,133394,4.5,Games,0.0,67.0,67M,0.0,6198563.0,4.4,GAME,100000000.0,0.0
203,Red Ball 4,105.723904,0.99,9818,4.5,Games,9719.82,59.0,59M,0.0,1432447.0,4.4,GAME,50000000.0,0.0
204,Summoners War,38.124544,0.0,137122,4.5,Games,0.0,28.0,28M,0.0,2045554.0,4.3,GAME,50000000.0,0.0
205,Peggle Blast,454.74611200000004,0.0,11528,4.0,Games,0.0,19.0,19M,0.0,166251.0,4.1,GAME,5000000.0,0.0
206,SONIC Drive-In,71.06867199999999,0.0,1645,4.0,Food & Drink,0.0,43.0,43M,0.0,19314.0,4.3,FOOD_AND_DRINK,1000000.0,0.0
207,Google Slides,249.6256,0.0,9920,4.0,Productivity,0.0,,Varies with device,0.0,244567.0,4.2,PRODUCTIVITY,100000000.0,0.0
208,Angry Birds 2,446.48345599999993,0.0,109104,4.0,Games,0.0,57.0,57M,0.0,3883589.0,4.6,GAME,100000000.0,0.0
209,Assassin's Creed Identity,2538.487808,4.99,3517,4.0,Games,17549.83,92.0,92M,1.99,42529.0,3.7,GAME,500000.0,84632.71
210,XCOM®: Enemy Within,3508.8261119999997,9.99,2855,4.0,Games,28521.45,21.0,21M,9.99,13752.0,4.2,FAMILY,100000.0,137382.48
211,My Emma :),136.275968,0.0,8412,4.5,Games,0.0,76.0,76M,0.0,245839.0,4.1,FAMILY,10000000.0,0.0
212,Need for Speed™ No Limits,1085.84448,0.0,34998,4.5,Games,0.0,22.0,22M,0.0,3344300.0,4.4,GAME,50000000.0,0.0
213,Toy Blast,268.521472,0.0,75822,4.5,Games,0.0,,Varies with device,0.0,1889250.0,4.7,GAME,50000000.0,0.0
214,Earn to Die 2,102.755328,1.99,3072,4.5,Games,6113.28,99.0,99M,0.0,1327265.0,4.6,GAME,50000000.0,0.0
215,MARVEL Contest of Champions,868.0488960000001,0.0,233599,4.5,Games,0.0,92.0,92M,0.0,2468063.0,4.3,GAME,50000000.0,0.0
216,Call of Duty®: Heroes,210.84262400000003,0.0,179416,4.5,Games,0.0,57.0,57M,0.0,1604146.0,4.4,GAME,10000000.0,0.0
217,Dr. Panda & Toto's Treehouse,163.213312,3.99,455,4.5,Entertainment,1815.45,9.5,9.5M,3.99,3396.0,4.4,FAMILY,50000.0,13550.04
218,Hitman Sniper,1156.409344,0.99,8452,4.5,Games,8367.48,29.0,29M,0.99,408292.0,4.6,GAME,10000000.0,404209.08
219,Google Street View,95.927296,0.0,1450,4.0,Travel,0.0,,Varies with device,0.0,2129689.0,4.2,TRAVEL_AND_LOCAL,1000000000.0,0.0
220,aa,11.337728,0.0,158845,4.5,Games,0.0,6.5,6.5M,0.0,886418.0,4.2,FAMILY,50000000.0,0.0
221,My Talking Angela,398.783488,0.0,54549,4.5,Games,0.0,99.0,99M,0.0,9881829.0,4.5,GAME,100000000.0,0.0
222,My College Bookstore,8.933375999999999,0.0,225,2.5,Shopping,0.0,7.6,7.6M,0.0,661.0,3.2,SHOPPING,100000.0,0.0
223,Adobe Illustrator Draw,107.823104,0.0,3215,4.5,Productivity,0.0,,Varies with device,0.0,65766.0,4.4,PHOTOGRAPHY,5000000.0,0.0
224,DRAGON QUEST,27.130879999999998,2.99,419,4.5,Games,1252.8100000000004,30.0,30M,2.99,9659.0,4.2,FAMILY,100000.0,28880.410000000003
225,Tiny Archers,167.74553600000002,0.0,568,4.0,Games,0.0,,Varies with device,0.0,80678.0,4.5,GAME,5000000.0,0.0
226,Five Nights at Freddy's,49.946624,2.99,27388,4.5,Games,81890.12000000001,50.0,50M,2.99,100805.0,4.6,GAME,1000000.0,301406.95
227,SimCity BuildIt,96.606208,0.0,198338,4.5,Games,0.0,100.0,100M,0.0,4218587.0,4.5,FAMILY,50000000.0,0.0
228,My Movies Pro - Movie & TV Collection Library,95.249408,7.99,1309,4.5,Catalogs,10458.91,20.0,20M,7.99,6477.0,4.6,LIFESTYLE,10000.0,51751.23
229,Inside Out Thought Bubbles,164.248576,0.0,21881,4.5,Games,0.0,58.0,58M,0.0,623398.0,4.4,FAMILY,10000000.0,0.0
230,Dubsmash,101.078016,0.0,20243,4.5,Entertainment,0.0,29.0,29M,0.0,1971777.0,4.2,VIDEO_PLAYERS,100000000.0,0.0
231,Cartoon Wars 3,123.680768,0.0,979,4.0,Games,0.0,72.0,72M,0.0,137674.0,4.1,FAMILY,5000000.0,0.0
232,Star Wars™: Galaxy of Heroes,119.75270400000001,0.0,122260,4.5,Games,0.0,67.0,67M,0.0,1461698.0,4.5,FAMILY,10000000.0,0.0
233,McDonald's,202.457088,0.0,4050,2.0,Food & Drink,0.0,42.0,42M,0.0,145323.0,3.6,FOOD_AND_DRINK,10000000.0,0.0
234,Google Classroom,143.74912,0.0,5942,4.0,Education,0.0,,Varies with device,0.0,69493.0,4.2,EDUCATION,10000000.0,0.0
235,Dumb Ways to Die 2: The Games,104.282112,0.0,11295,4.0,Games,0.0,,Varies with device,0.0,1671658.0,4.2,FAMILY,50000000.0,0.0
236,PES CLUB MANAGER,1257.910272,0.0,3216,4.5,Games,0.0,,Varies with device,0.0,783025.0,4.4,SPORTS,10000000.0,0.0
237,Mobile Strike,256.203776,0.0,24935,3.5,Games,0.0,,Varies with device,0.0,903392.0,3.9,FAMILY,50000000.0,0.0
238,YouTube Kids,119.236608,0.0,28560,4.5,Entertainment,0.0,,Varies with device,0.0,470089.0,4.5,ENTERTAINMENT,50000000.0,0.0
239,Bike Unchained,545.665024,0.0,629,4.0,Games,0.0,23.0,23M,0.0,83545.0,4.3,SPORTS,5000000.0,0.0
240,Five Nights at Freddy's 2,37.310464,2.99,18107,4.5,Games,54139.93,40.0,40M,2.99,73919.0,4.6,FAMILY,500000.0,221017.81000000003
241,Dude Perfect 2,103.986176,0.0,28361,4.5,Games,0.0,70.0,70M,0.0,401425.0,4.5,GAME,10000000.0,0.0
242,Toca Kitchen 2,112.05632,2.99,1858,4.5,Education,5555.42,56.0,56M,0.0,1014822.0,4.5,FAMILY,50000000.0,0.0
243,SNCF,122.186752,0.0,7,1.5,Travel,0.0,,Varies with device,0.0,15750.0,3.4,TRAVEL_AND_LOCAL,5000000.0,0.0
244,I am Bread,1084.654592,4.99,1394,3.5,Games,6956.06,20.0,20M,4.99,630.0,4.0,GAME,10000.0,3143.7000000000007
245,MORTAL KOMBAT X,1738.707968,0.0,114475,4.5,Games,0.0,18.0,18M,0.0,3039889.0,4.4,GAME,10000000.0,0.0
246,Gear.Club - True Racing,2386.1329920000003,0.0,2793,4.5,Games,0.0,37.0,37M,0.0,140658.0,4.4,GAME,1000000.0,0.0
247,Deck Heroes: Legacy,112.683008,0.0,494,4.0,Games,0.0,52.0,52M,0.0,466495.0,4.7,GAME,10000000.0,0.0
248,Alto's Adventure,128.664576,4.99,7824,4.5,Games,39041.76,63.0,63M,0.0,515657.0,4.6,GAME,10000000.0,0.0
249,DRAGON BALL Z DOKKAN BATTLE,116.49228799999999,0.0,5362,4.0,Games,0.0,80.0,80M,0.0,650114.0,4.1,GAME,10000000.0,0.0
250,MARVEL Future Fight,1350.787072,0.0,20906,4.5,Games,0.0,72.0,72M,0.0,2354042.0,4.6,FAMILY,50000000.0,0.0
251,Tsuro - The Game of the Path,104.66099200000001,2.99,539,4.5,Games,1611.61,37.0,37M,2.99,2195.0,4.7,FAMILY,10000.0,6563.05
252,Get 'Em,719.419392,0.99,40,4.0,Games,39.6,21.0,21M,0.0,7904.0,4.1,GAME,500000.0,0.0
253,Dragon Hills,175.003648,1.99,5508,4.5,Games,10960.92,66.0,66M,0.0,354373.0,4.5,GAME,10000000.0,0.0
254,OK K.O.! Lakewood Plaza Turbo,1614.744576,0.0,430,4.5,Games,0.0,24.0,24M,0.0,76608.0,4.5,FAMILY,1000000.0,0.0
255,Does not Commute,87.48134399999999,0.0,5645,4.0,Games,0.0,78.0,78M,0.0,154108.0,4.0,GAME,5000000.0,0.0
256,Five Nights at Freddy's 3,47.722496,2.99,9876,4.5,Games,29529.24,50.0,50M,2.99,27856.0,4.7,GAME,100000.0,83289.44
257,Discord - Chat for Gamers,26.890240000000002,0.0,9152,4.5,Social Networking,0.0,39.0,39M,0.0,305347.0,4.5,COMMUNICATION,10000000.0,0.0
258,Toca Life: City,332.123136,2.99,3571,4.5,Education,10677.29,24.0,24M,3.99,31085.0,4.7,EDUCATION,500000.0,124029.15
259,Fallout Shelter,1172.922368,0.0,199396,4.5,Games,0.0,25.0,25M,0.0,2719142.0,4.6,GAME,10000000.0,0.0
260,Farming Simulator 16,185.572352,4.99,2637,4.5,Games,13158.63,14.0,14M,2.99,32812.0,4.2,FAMILY,500000.0,98107.88
261,"Egg, Inc.",53.579776,0.0,79074,5.0,Games,0.0,29.0,29M,0.0,580160.0,4.7,FAMILY,5000000.0,0.0
262,Sago Mini Babies,105.74233600000001,2.99,70,4.0,Education,209.3,83.0,83M,3.99,253.0,4.5,FAMILY,10000.0,1009.47
263,U by BB&T,74.385408,0.0,790,2.0,Finance,0.0,24.0,24M,0.0,16600.0,4.3,FINANCE,1000000.0,0.0
264,Agar.io,63.954944,0.0,176514,4.5,Games,0.0,32.0,32M,0.0,3816799.0,4.2,GAME,100000000.0,0.0
265,SHOWTIME,25.903104000000003,0.0,1214,2.5,Entertainment,0.0,,Varies with device,0.0,12398.0,4.2,ENTERTAINMENT,1000000.0,0.0
266,Plants vs. Zombies™ Heroes,153.967616,0.0,16305,4.5,Games,0.0,68.0,68M,0.0,379415.0,4.4,FAMILY,10000000.0,0.0
267,"Please, Don't Touch Anything",57.004031999999995,4.99,379,4.0,Games,1891.21,46.0,46M,4.99,1771.0,4.4,FAMILY,10000.0,8837.29
268,Animal Jam - Play Wild!,620.32384,0.0,26990,4.5,Games,0.0,58.0,58M,0.0,361970.0,4.6,FAMILY,5000000.0,0.0
269,Army of Heroes,153.12588799999997,0.0,1235,4.5,Games,0.0,46.0,46M,0.0,85015.0,4.5,FAMILY,1000000.0,0.0
270,Bullet Force,501.0432,0.0,9289,4.5,Games,0.0,58.0,58M,0.0,634159.0,4.5,GAME,10000000.0,0.0
271,Design Home,173.576192,0.0,23298,4.5,Games,0.0,69.0,69M,0.0,539931.0,4.4,FAMILY,10000000.0,0.0
272,Don't Starve: Pocket Edition,403.637248,4.99,3742,4.0,Games,18672.58,7.9,7.9M,4.99,17988.0,4.4,GAME,100000.0,89760.12000000002
273,AMC,59.480064,0.0,3105,2.0,Entertainment,0.0,14.0,14M,0.0,20843.0,3.2,FAMILY,1000000.0,0.0
274,Rolling Sky,138.529792,0.0,30670,4.5,Games,0.0,50.0,50M,0.0,1117212.0,4.5,GAME,50000000.0,0.0
275,Talking Tom Bubble Shooter,191.39891200000002,0.0,2659,4.5,Games,0.0,54.0,54M,0.0,687136.0,4.4,FAMILY,50000000.0,0.0
276,Shopkins World!,660.983808,0.0,3047,4.0,Games,0.0,34.0,34M,0.0,169609.0,4.3,FAMILY,10000000.0,0.0
277,Thomas & Friends: Race On!,539.088896,0.0,89,3.0,Games,0.0,26.0,26M,0.0,29319.0,4.1,FAMILY,5000000.0,0.0
278,Boomerang from Instagram,15.664128,0.0,2373,3.5,Photo & Video,0.0,,Varies with device,0.0,928720.0,4.4,PHOTOGRAPHY,50000000.0,0.0
279,Geometry Dash Meltdown,55.44550400000001,0.0,117470,4.5,Games,0.0,48.0,48M,0.0,1591129.0,4.6,GAME,50000000.0,0.0
280,Disney Crossy Road,187.282432,0.0,38571,4.5,Games,0.0,83.0,83M,0.0,514088.0,4.5,FAMILY,10000000.0,0.0
281,Hungry Shark World,952.22272,0.0,24057,4.5,Games,0.0,27.0,27M,0.0,1242855.0,4.5,GAME,50000000.0,0.0
282,Candy Crush Jelly Saga,196.36940800000002,0.0,32395,4.0,Games,0.0,78.0,78M,0.0,1300490.0,4.3,GAME,50000000.0,0.0
283,RISK: Global Domination,222.176256,0.0,5217,4.0,Games,0.0,75.0,75M,0.0,68559.0,4.0,FAMILY,5000000.0,0.0
284,Clash Royale,114.40844799999999,0.0,266921,4.5,Games,0.0,97.0,97M,0.0,23133508.0,4.6,GAME,100000000.0,0.0
285,Philips Hue,73.561088,0.0,1999,1.5,Lifestyle,0.0,53.0,53M,0.0,10006.0,3.1,LIFESTYLE,1000000.0,0.0
286,NBA LIVE Mobile Basketball,139.769856,0.0,40619,4.0,Games,0.0,58.0,58M,0.0,1690802.0,4.4,SPORTS,50000000.0,0.0
287,Firefox Focus: The privacy browser,15.081472,0.0,477,4.0,Utilities,0.0,4.0,4.0M,0.0,36880.0,4.4,COMMUNICATION,1000000.0,0.0
288,Tomb of the Mask,103.051264,0.0,8054,4.5,Games,0.0,39.0,39M,0.0,55380.0,4.1,GAME,5000000.0,0.0
289,Driving Zone,157.67961599999998,0.0,298,4.0,Games,0.0,57.0,57M,0.0,51791.0,4.2,GAME,1000000.0,0.0
290,H*nest Meditation,92.611584,1.99,55,4.5,Entertainment,109.45,48.0,48M,1.99,145.0,4.9,LIFESTYLE,5000.0,288.55
291,MARVEL Avengers Academy,170.858496,0.0,17376,4.0,Games,0.0,,Varies with device,0.0,304106.0,4.2,GAME,10000000.0,0.0
292,Fernanfloo,63.286272,0.0,2886,4.5,Games,0.0,49.0,49M,0.0,526595.0,4.8,GAME,10000000.0,0.0
293,Choices: Stories You Play,108.66688,0.0,33698,4.5,Games,0.0,93.0,93M,0.0,807338.0,4.6,GAME,10000000.0,0.0
294,My Little Pony: Harmony Quest,714.358784,0.0,2265,4.0,Entertainment,0.0,26.0,26M,0.0,148295.0,4.1,FAMILY,10000000.0,0.0
295,Smashy Road: Arena,208.391168,0.0,3207,4.5,Games,0.0,53.0,53M,0.0,45558.0,4.3,GAME,5000000.0,0.0
296,FINAL FANTASY BRAVE EXVIUS,108.91776000000002,0.0,28187,4.5,Games,0.0,83.0,83M,0.0,745684.0,4.6,GAME,5000000.0,0.0
297,King of Avalon: Dragon Warfare,191.58016,0.0,3326,4.0,Games,0.0,64.0,64M,0.0,306652.0,4.2,FAMILY,10000000.0,0.0
298,Retro City Rampage DX,15.611904000000001,4.99,68,4.5,Games,339.32,16.0,16M,2.99,416.0,4.7,GAME,10000.0,1243.84
299,Riptide GP: Renegade,107.640832,2.99,412,4.5,Games,1231.88,,Varies with device,2.99,4328.0,4.7,GAME,100000.0,12940.72
300,slither.io,32.516096000000005,0.0,107817,3.5,Games,0.0,,Varies with device,0.0,5234162.0,4.4,GAME,100000000.0,0.0
301,PewDiePie's Tuber Simulator,266.76633599999997,0.0,90851,5.0,Games,0.0,96.0,96M,0.0,1499466.0,4.8,FAMILY,10000000.0,0.0
302,Pokémon GO,290.762752,0.0,257627,3.0,Games,0.0,85.0,85M,0.0,10424925.0,4.1,GAME,100000000.0,0.0
303,PAC-MAN Pop,247.19462400000003,0.0,1000,4.5,Games,0.0,54.0,54M,0.0,24877.0,4.3,FAMILY,5000000.0,0.0
304,T-Mobile Tuesdays,78.128128,0.0,3213,2.5,Lifestyle,0.0,21.0,21M,0.0,53144.0,4.0,LIFESTYLE,5000000.0,0.0
305,Geometry Dash World,64.27852800000001,0.0,5114,4.5,Games,0.0,63.0,63M,0.0,760628.0,4.6,GAME,10000000.0,0.0
306,RollerCoaster Tycoon® Classic,424.82687999999996,5.99,1794,4.0,Games,10746.06,69.0,69M,5.99,10795.0,4.6,GAME,100000.0,64662.05
307,diep.io,32.992256,0.0,9397,4.0,Games,0.0,20.0,20M,0.0,347883.0,4.1,GAME,10000000.0,0.0
308,Dr. Panda Farm,98.934784,2.99,28,4.0,Education,83.72,46.0,46M,2.99,265.0,4.1,FAMILY,10000.0,792.35
309,The Game of Life,305.483776,2.99,2298,4.5,Games,6871.02,63.0,63M,2.99,18621.0,4.4,GAME,100000.0,55676.79
310,Endless Ducker,159.75219199999998,0.0,639,4.0,Games,0.0,41.0,41M,0.0,8193.0,4.5,GAME,500000.0,0.0
311,Out There Chronicles - Ep. 1,108.594176,1.99,87,4.0,Games,173.13,44.0,44M,2.99,1516.0,4.4,FAMILY,50000.0,4532.84
312,Angry Birds Blast,129.589248,0.0,24878,4.5,Games,0.0,99.0,99M,0.0,253115.0,4.6,FAMILY,10000000.0,0.0
313,The EO Bar,41.403392,6.99,247,5.0,Health & Fitness,1726.53,34.0,34M,6.99,416.0,4.7,HEALTH_AND_FITNESS,10000.0,2907.84
314,Uber Driver,162.26304,0.0,3289,3.0,Business,0.0,,Varies with device,0.0,1254730.0,4.4,BUSINESS,10000000.0,0.0
315,Premier League - Official App,74.441728,0.0,791,3.5,Sports,0.0,24.0,24M,0.0,63580.0,4.3,SPORTS,5000000.0,0.0
316,Whataburger,133.352448,0.0,197,3.0,Food & Drink,0.0,56.0,56M,0.0,5093.0,4.5,FOOD_AND_DRINK,500000.0,0.0
317,Hot Wheels: Race Off,245.80403199999998,0.0,3141,4.5,Games,0.0,,Varies with device,0.0,520609.0,4.5,FAMILY,10000000.0,0.0
318,Narcos: Cartel Wars,178.88768000000002,0.0,4490,4.5,Games,0.0,52.0,52M,0.0,244797.0,4.7,FAMILY,5000000.0,0.0
319,Super Mario Run,194.245632,0.0,87958,2.5,Games,0.0,70.0,70M,0.0,1221896.0,3.7,GAME,100000000.0,0.0
320,Vikings: an Archer's Journey,130.727936,2.99,94,4.5,Games,281.06,39.0,39M,0.0,10256.0,4.5,GAME,1000000.0,0.0
321,Hill Climb Racing 2,120.797184,0.0,33854,4.5,Games,0.0,,Varies with device,0.0,2750410.0,4.6,GAME,100000000.0,0.0
322,Infinite Painter,22.40512,0.0,65,4.0,Productivity,0.0,29.0,29M,0.0,36815.0,4.1,ART_AND_DESIGN,1000000.0,0.0
323,Don't Starve: Shipwrecked,633.698304,4.99,495,3.5,Games,2470.05,4.9,4.9M,4.99,1468.0,4.1,GAME,10000.0,7325.3200000000015
324,Pineapple Pen,97.95174399999999,0.0,6430,4.5,Games,0.0,65.0,65M,0.0,157264.0,4.3,GAME,10000000.0,0.0
325,Super Jabber Jump,146.922496,0.0,612,4.5,Games,0.0,23.0,23M,0.0,85882.0,4.3,GAME,10000000.0,0.0
326,Ao Oni2,86.687744,0.0,7,4.0,Games,0.0,48.0,48M,0.0,21223.0,4.1,GAME,1000000.0,0.0
327,Peppa Pig: Party Time,251.97772799999998,0.99,9,2.0,Education,8.91,55.0,55M,2.99,52.0,3.8,FAMILY,10000.0,155.48000000000005
